image,input,width,height,cnn_precision,cnn_blocks,png,seconds,cnn_raw10_min,cnn_raw10_max,rgb8_min,rgb8_max
01__0039_20141005_130438_317,D:\Viettel_VDT\GD2\ISP_PRJ\Research\Code\ISP_Project\hls_isp\isp_golden_modl\isp_golden_model\clean-20260930T094324Z-1-001\clean\0039_20141005_130438_317\clean_rggb.pgm,1920,1080,w8a8_mixed_p999_resfp,2,01__0039_20141005_130438_317__cnn_w8a8_mixed_p999_b2.png,6.297,0,955,0,255
02__0047_20160609_133132_746,D:\Viettel_VDT\GD2\ISP_PRJ\Research\Code\ISP_Project\hls_isp\isp_golden_modl\isp_golden_model\clean-20260930T094324Z-1-001\clean\0047_20160609_133132_746\clean_rggb.pgm,1920,1080,w8a8_mixed_p999_resfp,2,02__0047_20160609_133132_746__cnn_w8a8_mixed_p999_b2.png,5.87,0,959,0,255
03__5a9e_20141007_173502_483,D:\Viettel_VDT\GD2\ISP_PRJ\Research\Code\ISP_Project\hls_isp\isp_golden_modl\isp_golden_model\clean-20260930T094324Z-1-001\clean\5a9e_20141007_173502_483\clean_rggb.pgm,1920,1080,w8a8_mixed_p999_resfp,2,03__5a9e_20141007_173502_483__cnn_w8a8_mixed_p999_b2.png,5.868,0,959,0,255
04__5a9e_20150328_173812_141__payload_N001,D:\Viettel_VDT\GD2\ISP_PRJ\Research\Code\ISP_Project\hls_isp\isp_golden_modl\isp_golden_model\clean-20260930T094324Z-1-001\clean\5a9e_20150328_173812_141__payload_N001\clean_rggb.pgm,1920,1080,w8a8_mixed_p999_resfp,2,04__5a9e_20150328_173812_141__payload_N001__cnn_w8a8_mixed_p999_b2.png,5.649,0,959,0,255
05__6FHF_20150303_115050_790__payload_N004,D:\Viettel_VDT\GD2\ISP_PRJ\Research\Code\ISP_Project\hls_isp\isp_golden_modl\isp_golden_model\clean-20260930T094324Z-1-001\clean\6FHF_20150303_115050_790__payload_N004\clean_rggb.pgm,1920,1080,w8a8_mixed_p999_resfp,2,05__6FHF_20150303_115050_790__payload_N004__cnn_w8a8_mixed_p999_b2.png,5.742,0,959,0,255
06__6G7M_20150307_163718_374__payload_N007,D:\Viettel_VDT\GD2\ISP_PRJ\Research\Code\ISP_Project\hls_isp\isp_golden_modl\isp_golden_model\clean-20260930T094324Z-1-001\clean\6G7M_20150307_163718_374__payload_N007\clean_rggb.pgm,1920,1080,w8a8_mixed_p999_resfp,2,06__6G7M_20150307_163718_374__payload_N007__cnn_w8a8_mixed_p999_b2.png,5.613,0,959,0,255
07__6G7M_20150321_151956_104,D:\Viettel_VDT\GD2\ISP_PRJ\Research\Code\ISP_Project\hls_isp\isp_golden_modl\isp_golden_model\clean-20260930T094324Z-1-001\clean\6G7M_20150321_151956_104\clean_rggb.pgm,1920,1080,w8a8_mixed_p999_resfp,2,07__6G7M_20150321_151956_104__cnn_w8a8_mixed_p999_b2.png,6.079,0,348,0,218
08__6G7M_20150403_174605_886__payload_N003,D:\Viettel_VDT\GD2\ISP_PRJ\Research\Code\ISP_Project\hls_isp\isp_golden_modl\isp_golden_model\clean-20260930T094324Z-1-001\clean\6G7M_20150403_174605_886__payload_N003\clean_rggb.pgm,1920,1080,w8a8_mixed_p999_resfp,2,08__6G7M_20150403_174605_886__payload_N003__cnn_w8a8_mixed_p999_b2.png,5.933,0,899,0,255
09__c1b1_20141007_235657_307__payload_N006,D:\Viettel_VDT\GD2\ISP_PRJ\Research\Code\ISP_Project\hls_isp\isp_golden_modl\isp_golden_model\clean-20260930T094324Z-1-001\clean\c1b1_20141007_235657_307__payload_N006\clean_rggb.pgm,1920,1080,w8a8_mixed_p999_resfp,2,09__c1b1_20141007_235657_307__payload_N006__cnn_w8a8_mixed_p999_b2.png,5.69,0,959,0,255
10__c1b1_20150408_154240_395__payload_N009,D:\Viettel_VDT\GD2\ISP_PRJ\Research\Code\ISP_Project\hls_isp\isp_golden_modl\isp_golden_model\clean-20260930T094324Z-1-001\clean\c1b1_20150408_154240_395__payload_N009\clean_rggb.pgm,1920,1080,w8a8_mixed_p999_resfp,2,10__c1b1_20150408_154240_395__payload_N009__cnn_w8a8_mixed_p999_b2.png,5.881,0,959,0,255
