stage,path,kind,input_scale,input_bits,input_signed,input_qmin,input_qmax,weight_bits,weight_scale_min,weight_scale_max,src_kind,dst_kind,src_scale,dst_scale,real_multiplier_min,real_multiplier_max,q31_multiplier_min,q31_multiplier_max,q31_exponent_min,q31_exponent_max,qmin,qmax,note,q31_abs_error_max,q31_rel_error_max,q31_rel_error_mean
head,head.conv,conv_parameters,0.003921568859368563,8.0,False,0.0,255.0,8.0,0.001286193961277604,0.003735216800123453,,,,,,,,,,,,,,,,
b1_conv1,body.0.conv1,conv_parameters,0.0008121745195239782,8.0,False,0.0,255.0,8.0,0.001511886133812368,0.008249994367361069,,,,,,,,,,,,,,,,
b1_conv2,body.0.conv2,conv_parameters,0.0006472754757851362,8.0,False,0.0,255.0,8.0,0.0013234388316050172,0.006333965342491865,,,,,,,,,,,,,,,,
b2_conv1,body.1.conv1,conv_parameters,0.0013221652479842305,8.0,True,-127.0,127.0,8.0,0.0010076048783957958,0.0023626789916306734,,,,,,,,,,,,,,,,
b2_conv2,body.1.conv2,conv_parameters,0.00042701081838458776,8.0,False,0.0,255.0,8.0,0.0014028057921677828,0.0035763403866440058,,,,,,,,,,,,,,,,
tail,tail,conv_parameters,0.0007078225025907159,8.0,True,-127.0,127.0,8.0,0.0011909735621884465,0.0014031536411494017,,,,,,,,,,,,,,,,
raw10_to_head,,q31_requant,,,,,,,,,RAW10_post_BLC_DN,U8,0.0010427528675703858,0.003921568859368563,0.26590196550527645,0.26590196550527645,1142040246.0,1142040246.0,-1.0,-1.0,0.0,255.0,For RAW_U10_EXACT this multiplier is exactly 1 and the hardware quantizer can be bypassed.,4.9527160150830696e-11,1.8626097801389852e-10,1.8626097801389852e-10
head_acc_to_b1_input,,q31_requant,,,,,,,,,head_INT32_accumulator,U8,per-channel,0.0008121745195239782,0.006210362073034048,0.018035421147942543,1105386752.0,2144296576.0,-7.0,-5.0,0.0,255.0,Apply ReLU and output clamp for the B1 input domain. This integer tensor is also the unmodified B1 residual skip.,0.0,0.0,0.0
b1_conv1_acc_to_b1_conv2_input,,q31_requant,,,,,,,,,b1_conv1_INT32_accumulator,U8,per-channel,0.0006472754757851362,0.0018970522796735168,0.010351751931011677,1190908800.0,2085831040.0,-9.0,-6.0,0.0,255.0,ReLU is applied before writing B1 Conv2 input.,0.0,0.0,0.0
b1_main_acc_to_skip_scale,,q31_requant,,,,,,,,,b1_conv2_INT32_accumulator,B1_skip_scale_INT32,per-channel,0.0008121745195239782,0.0010547357378527522,0.005047954618930817,1159694208.0,2047173120.0,-9.0,-7.0,,,"NO residual quantization. Main branch is aligned to the unchanged skip scale, then added in INT32 without clamp.",0.0,0.0,0.0
b1_residual_to_b2_conv1_input,,q31_requant,,,,,,,,,B1_residual_INT32,S8,0.0008121745195239782,0.0013221652479842305,0.6142761056246314,0.6142761056246314,1319147892.0,1319147892.0,0.0,0.0,-127.0,127.0,Quantization happens only because B2 Conv1 consumes the residual tensor.,8.66208216265818e-11,1.410128455810612e-10,1.410128455810612e-10
b2_conv1_acc_to_b2_conv2_input,,q31_requant,,,,,,,,,b2_conv1_INT32_accumulator,U8,per-channel,0.00042701081838458776,0.003119874279946089,0.0073156277649104595,1087127424.0,2010904448.0,-8.0,-7.0,0.0,255.0,ReLU is applied before writing B2 Conv2 input.,0.0,0.0,0.0
b2_main_acc_to_skip_scale,,q31_requant,,,,,,,,,b2_conv2_INT32_accumulator,B2_skip_scale_INT32,per-channel,0.0013221652479842305,0.00045305475941859186,0.001155026606284082,1125984768.0,1992555904.0,-11.0,-9.0,,,"NO residual quantization. Main branch is aligned to the unchanged skip scale, then added in INT32 without clamp.",0.0,0.0,0.0
b2_residual_to_tail_input,,q31_requant,,,,,,,,,B2_residual_INT32,S8,0.0013221652479842305,0.0007078225025907159,1.867933335186358,1.867933335186358,2005678146.0,2005678146.0,1.0,1.0,-127.0,127.0,"Quantization happens only at Tail Conv input, not at B2 ADD.",4.0363845599244996e-10,2.16088255607998e-10,2.16088255607998e-10
tail_acc_to_raw_residual_dn,,q31_requant,,,,,,,,,tail_INT32_accumulator,signed_RAW_DN_residual_INT32,per-channel,0.0010427528675703858,0.0008084349683485925,0.0009524631313979626,1777767296.0,2094488576.0,-10.0,-10.0,,,"Global RAW skip is untouched. Add this signed residual_DN to original RAW10 DN in INT32, then clamp final result to [0,959].",0.0,0.0,0.0
