url	model	width	height	cfa	black	white
https://storage.googleapis.com/hdrplusdata/20171106_subset/bursts/0039_20141005_130438_317/payload_N000.dng		4208	3120	2 2 2 1 1 0	64 64 64 64	1023
https://storage.googleapis.com/hdrplusdata/20171106_subset/bursts/0039_20141006_110442_472/payload_N000.dng		4208	3120	2 2 2 1 1 0	64 64 64 64	1023
https://storage.googleapis.com/hdrplusdata/20171106_subset/bursts/0039_20141007_135645_851/payload_N000.dng		4208	3120	2 2 2 1 1 0	64 64 64 64	1023
https://storage.googleapis.com/hdrplusdata/20171106_subset/bursts/0039_20141009_180342_102/payload_N000.dng		4208	3120	2 2 2 1 1 0	64 64 64 64	1023
https://storage.googleapis.com/hdrplusdata/20171106_subset/bursts/0047_20160609_110125_873/payload_N000.dng	marlin	4048	3036	2 2 2 1 1 0	64 64 64 64	1023
https://storage.googleapis.com/hdrplusdata/20171106_subset/bursts/0047_20160609_133132_746/payload_N000.dng	marlin	4048	3036	2 2 2 1 1 0	64 64 64 64	1023
https://storage.googleapis.com/hdrplusdata/20171106_subset/bursts/0218_20141031_195419_627/payload_N000.dng		4208	3120	2 2 2 1 1 0	64 64 64 64	1023
https://storage.googleapis.com/hdrplusdata/20171106_subset/bursts/0218_20141102_112123_601/payload_N000.dng		4208	3120	2 2 2 1 1 0	64 64 64 64	1023
https://storage.googleapis.com/hdrplusdata/20171106_subset/bursts/0218_20150328_182248_937/payload_N000.dng	Nexus 6	4208	3120	2 2 2 1 1 0	64 64 64 64	1023
https://storage.googleapis.com/hdrplusdata/20171106_subset/bursts/5a9e_20141005_140124_873/payload_N000.dng		3280	2464	2 2 0 1 1 2	64 64 64 64	1023
https://storage.googleapis.com/hdrplusdata/20171106_subset/bursts/5a9e_20141006_102246_788/payload_N000.dng		3280	2464	2 2 0 1 1 2	64 64 64 64	1023
https://storage.googleapis.com/hdrplusdata/20171106_subset/bursts/5a9e_20141007_135000_213/payload_N000.dng		3280	2464	2 2 0 1 1 2	64 64 64 64	1023
https://storage.googleapis.com/hdrplusdata/20171106_subset/bursts/5a9e_20141007_173502_483/payload_N000.dng		3280	2464	2 2 0 1 1 2	64 64 64 64	1023
https://storage.googleapis.com/hdrplusdata/20171106_subset/bursts/5a9e_20141007_173602_240/payload_N000.dng		3280	2464	2 2 0 1 1 2	64 64 64 64	1023
https://storage.googleapis.com/hdrplusdata/20171106_subset/bursts/5a9e_20141010_173648_475/payload_N000.dng		3280	2464	2 2 0 1 1 2	64 64 64 64	1023
https://storage.googleapis.com/hdrplusdata/20171106_subset/bursts/5a9e_20141010_180937_237/payload_N000.dng		3280	2464	2 2 0 1 1 2	64 64 64 64	1023
https://storage.googleapis.com/hdrplusdata/20171106_subset/bursts/5a9e_20150328_160520_398/payload_N000.dng	Nexus 5	3280	2464	2 2 0 1 1 2	64 64 64 64	1023
https://storage.googleapis.com/hdrplusdata/20171106_subset/bursts/5a9e_20150328_171926_643/payload_N000.dng	Nexus 5	3280	2464	2 2 0 1 1 2	64 64 64 64	1023
https://storage.googleapis.com/hdrplusdata/20171106_subset/bursts/5a9e_20150328_173812_141/payload_N000.dng	Nexus 5	3280	2464	2 2 0 1 1 2	64 64 64 64	1023
https://storage.googleapis.com/hdrplusdata/20171106_subset/bursts/5a9e_20150403_093136_401/payload_N000.dng	Nexus 5	3280	2464	2 2 0 1 1 2	64 64 64 64	1023
https://storage.googleapis.com/hdrplusdata/20171106_subset/bursts/5a9e_20150403_162152_482/payload_N000.dng	Nexus 5	3280	2464	2 2 0 1 1 2	64 64 64 64	1023
https://storage.googleapis.com/hdrplusdata/20171106_subset/bursts/5a9e_20150403_181327_943/payload_N000.dng	Nexus 5	3280	2464	2 2 0 1 1 2	64 64 64 64	1023
https://storage.googleapis.com/hdrplusdata/20171106_subset/bursts/5a9e_20150404_132155_318/payload_N000.dng	Nexus 5	3280	2464	2 2 0 1 1 2	64 64 64 64	1023
https://storage.googleapis.com/hdrplusdata/20171106_subset/bursts/6FHF_20150303_115050_790/payload_N000.dng		4208	3120	2 2 2 1 1 0	64 64 64 64	1023
https://storage.googleapis.com/hdrplusdata/20171106_subset/bursts/6FHF_20150307_154113_351/payload_N000.dng		4208	3120	2 2 2 1 1 0	64 64 64 64	1023
https://storage.googleapis.com/hdrplusdata/20171106_subset/bursts/6FHF_20150307_215759_906/payload_N000.dng		4208	3120	2 2 2 1 1 0	64 64 64 64	1023
https://storage.googleapis.com/hdrplusdata/20171106_subset/bursts/6FHF_20150308_130849_627/payload_N000.dng		4208	3120	2 2 2 1 1 0	64 64 64 64	1023
https://storage.googleapis.com/hdrplusdata/20171106_subset/bursts/6G7M_20150307_163718_374/payload_N000.dng		4208	3120	2 2 2 1 1 0	64 64 64 64	1023
https://storage.googleapis.com/hdrplusdata/20171106_subset/bursts/6G7M_20150307_164205_458/payload_N000.dng		4208	3120	2 2 2 1 1 0	64 64 64 64	1023
https://storage.googleapis.com/hdrplusdata/20171106_subset/bursts/6G7M_20150314_153413_862/payload_N000.dng		4208	3120	2 2 2 1 1 0	64 64 64 64	1023
https://storage.googleapis.com/hdrplusdata/20171106_subset/bursts/6G7M_20150321_133419_065/payload_N000.dng		4208	3120	2 2 2 1 1 0	64 64 64 64	1023
https://storage.googleapis.com/hdrplusdata/20171106_subset/bursts/6G7M_20150321_145055_658/payload_N000.dng		4208	3120	2 2 2 1 1 0	64 64 64 64	1023
https://storage.googleapis.com/hdrplusdata/20171106_subset/bursts/6G7M_20150321_151858_636/payload_N000.dng		4208	3120	2 2 2 1 1 0	64 64 64 64	1023
https://storage.googleapis.com/hdrplusdata/20171106_subset/bursts/6G7M_20150321_151956_104/payload_N000.dng		4208	3120	2 2 2 1 1 0	64 64 64 64	1023
https://storage.googleapis.com/hdrplusdata/20171106_subset/bursts/6G7M_20150325_113420_008/payload_N000.dng	Nexus 6	4208	3120	2 2 2 1 1 0	64 64 64 64	1023
https://storage.googleapis.com/hdrplusdata/20171106_subset/bursts/6G7M_20150328_160426_633/payload_N000.dng	Nexus 6	4208	3120	2 2 2 1 1 0	64 64 64 64	1023
https://storage.googleapis.com/hdrplusdata/20171106_subset/bursts/6G7M_20150328_170747_463/payload_N000.dng	Nexus 6	4208	3120	2 2 2 1 1 0	64 64 64 64	1023
https://storage.googleapis.com/hdrplusdata/20171106_subset/bursts/6G7M_20150403_152401_583/payload_N000.dng	Nexus 6	4208	3120	2 2 2 1 1 0	64 64 64 64	1023
https://storage.googleapis.com/hdrplusdata/20171106_subset/bursts/6G7M_20150403_174605_886/payload_N000.dng	Nexus 6	4208	3120	2 2 2 1 1 0	64 64 64 64	1023
https://storage.googleapis.com/hdrplusdata/20171106_subset/bursts/6G7M_20150403_175442_492/payload_N000.dng	Nexus 6	4208	3120	2 2 2 1 1 0	64 64 64 64	1023
https://storage.googleapis.com/hdrplusdata/20171106_subset/bursts/6G7M_20150404_121844_208/payload_N000.dng	Nexus 6	4208	3120	2 2 2 1 1 0	64 64 64 64	1023
https://storage.googleapis.com/hdrplusdata/20171106_subset/bursts/6G7M_20150404_130348_582/payload_N000.dng	Nexus 6	4208	3120	2 2 2 1 1 0	64 64 64 64	1023
https://storage.googleapis.com/hdrplusdata/20171106_subset/bursts/6G7M_20150404_132319_709/payload_N000.dng	Nexus 6	4208	3120	2 2 2 1 1 0	64 64 64 64	1023
https://storage.googleapis.com/hdrplusdata/20171106_subset/bursts/6G7M_20150404_132758_328/payload_N000.dng	Nexus 6	4208	3120	2 2 2 1 1 0	64 64 64 64	1023
https://storage.googleapis.com/hdrplusdata/20171106_subset/bursts/J6ZC_20150408_180542_401/payload_N000.dng	Nexus 6	4208	3120	2 2 2 1 1 0	64 64 64 64	1023
https://storage.googleapis.com/hdrplusdata/20171106_subset/bursts/J6ZC_20150408_183124_341/payload_N000.dng	Nexus 6	4208	3120	2 2 2 1 1 0	64 64 64 64	1023
https://storage.googleapis.com/hdrplusdata/20171106_subset/bursts/J6ZC_20150408_183238_027/payload_N000.dng	Nexus 6	4208	3120	2 2 2 1 1 0	64 64 64 64	1023
https://storage.googleapis.com/hdrplusdata/20171106_subset/bursts/JN34_20150319_183334_317/payload_N000.dng		4208	3120	2 2 2 1 1 0	64 64 64 64	1023
https://storage.googleapis.com/hdrplusdata/20171106_subset/bursts/JN34_20150328_181324_374/payload_N000.dng		4208	3120	2 2 2 1 1 0	64 64 64 64	1023
https://storage.googleapis.com/hdrplusdata/20171106_subset/bursts/c1b1_20141007_235657_307/payload_N000.dng		3280	2464	2 2 0 1 1 2	64 64 64 64	1023
https://storage.googleapis.com/hdrplusdata/20171106_subset/bursts/c1b1_20150109_171200_810/payload_N000.dng		3280	2464	2 2 0 1 1 2	64 64 64 64	1023
https://storage.googleapis.com/hdrplusdata/20171106_subset/bursts/c1b1_20150222_151204_652/payload_N000.dng		3280	2464	2 2 0 1 1 2	64 64 64 64	1023
https://storage.googleapis.com/hdrplusdata/20171106_subset/bursts/c1b1_20150226_144326_422/payload_N000.dng		3280	2464	2 2 0 1 1 2	64 64 64 64	1023
https://storage.googleapis.com/hdrplusdata/20171106_subset/bursts/c1b1_20150408_154240_395/payload_N000.dng	Nexus 5	3280	2464	2 2 0 1 1 2	64 64 64 64	1023
https://storage.googleapis.com/hdrplusdata/20171106_subset/bursts/c1b1_20150408_183259_217/payload_N000.dng	Nexus 5	3280	2464	2 2 0 1 1 2	64 64 64 64	1023
